-- Los IDs (1 al 10) se generarán automáticamente
INSERT INTO USUARIO (NOMBRE, EMAIL, CELULAR, CEDULA) VALUES ('Ana Torres', 'ana.t@email.com', '3001111111', '1001111111');
INSERT INTO USUARIO (NOMBRE, EMAIL, CELULAR, CEDULA) VALUES ('Beto Castro', 'beto.c@email.com', '3002222222', '1002222222');
INSERT INTO USUARIO (NOMBRE, EMAIL, CELULAR, CEDULA) VALUES ('Carla Ruiz', 'carla.r@email.com', '3003333333', '1003333333');
INSERT INTO USUARIO (NOMBRE, EMAIL, CELULAR, CEDULA) VALUES ('David López', 'david.l@email.com', '3004444444', '1004444444');
INSERT INTO USUARIO (NOMBRE, EMAIL, CELULAR, CEDULA) VALUES ('Elena Gómez', 'elena.g@email.com', '3005555555', '1005555555');
INSERT INTO USUARIO (NOMBRE, EMAIL, CELULAR, CEDULA) VALUES ('Franco Díaz', 'franco.d@email.com', '3006666666', '1006666666');
INSERT INTO USUARIO (NOMBRE, EMAIL, CELULAR, CEDULA) VALUES ('Gaby Pérez', 'gaby.p@email.com', '3007777777', '1007777777');
INSERT INTO USUARIO (NOMBRE, EMAIL, CELULAR, CEDULA) VALUES ('Hugo Salas', 'hugo.s@email.com', '3008888888', '1008888888');
INSERT INTO USUARIO (NOMBRE, EMAIL, CELULAR, CEDULA) VALUES ('Irene Vega', 'irene.v@email.com', '3009999999', '1009999999');
INSERT INTO USUARIO (NOMBRE, EMAIL, CELULAR, CEDULA) VALUES ('Juan Rey', 'juan.r@email.com', '3000000000', '1000000000');
-- ID 1-5 son Conductores
INSERT INTO USUARIO_CONDUCTOR (ID, ACTIVO) VALUES (1, 1); -- Ana Torres (Activa)
INSERT INTO USUARIO_CONDUCTOR (ID, ACTIVO) VALUES (2, 1); -- Beto Castro (Activo)
INSERT INTO USUARIO_CONDUCTOR (ID, ACTIVO) VALUES (3, 0); -- Carla Ruiz (Inactiva)
INSERT INTO USUARIO_CONDUCTOR (ID, ACTIVO) VALUES (4, 1); -- David López (Activo)
INSERT INTO USUARIO_CONDUCTOR (ID, ACTIVO) VALUES (5, 1); -- Elena Gómez (Activa)
-- Se requiere un total de 10 datos, repetiremos los ID para que sean 10 sentencias
INSERT INTO USUARIO_CONDUCTOR (ID, ACTIVO) VALUES (6, 0); -- Franco Díaz (Inactivo, nuevo conductor)
INSERT INTO USUARIO_CONDUCTOR (ID, ACTIVO) VALUES (7, 1); -- Gaby Pérez (Activa, nuevo conductor)
INSERT INTO USUARIO_CONDUCTOR (ID, ACTIVO) VALUES (8, 1); -- Hugo Salas (Activo, nuevo conductor)
INSERT INTO USUARIO_CONDUCTOR (ID, ACTIVO) VALUES (9, 0); -- Irene Vega (Inactiva, nuevo conductor)
INSERT INTO USUARIO_CONDUCTOR (ID, ACTIVO) VALUES (10, 1); -- Juan Rey (Activo, nuevo conductor)
-- Todos los IDs son Usuarios de Servicio (Pasajeros)
INSERT INTO USUARIO_SERVICIO (ID, TARJETA_NUMERO, TARJETA_NOMBRE, TARJETA_VENCIMIENTO, TARJETA_CVV) VALUES (1, '1111111111111111', 'ANA TORRES', TO_DATE('2028-12-01', 'YYYY-MM-DD'), 111);
INSERT INTO USUARIO_SERVICIO (ID, TARJETA_NUMERO, TARJETA_NOMBRE, TARJETA_VENCIMIENTO, TARJETA_CVV) VALUES (2, '2222222222222222', 'BETO CASTRO', TO_DATE('2027-11-01', 'YYYY-MM-DD'), 222);
INSERT INTO USUARIO_SERVICIO (ID, TARJETA_NUMERO, TARJETA_NOMBRE, TARJETA_VENCIMIENTO, TARJETA_CVV) VALUES (3, '3333333333333333', 'CARLA RUIZ', TO_DATE('2026-10-01', 'YYYY-MM-DD'), 333);
INSERT INTO USUARIO_SERVICIO (ID, TARJETA_NUMERO, TARJETA_NOMBRE, TARJETA_VENCIMIENTO, TARJETA_CVV) VALUES (4, '4444444444444444', 'DAVID LOPEZ', TO_DATE('2025-09-01', 'YYYY-MM-DD'), 444);
INSERT INTO USUARIO_SERVICIO (ID, TARJETA_NUMERO, TARJETA_NOMBRE, TARJETA_VENCIMIENTO, TARJETA_CVV) VALUES (5, '5555555555555555', 'ELENA GOMEZ', TO_DATE('2029-08-01', 'YYYY-MM-DD'), 555);
INSERT INTO USUARIO_SERVICIO (ID, TARJETA_NUMERO, TARJETA_NOMBRE, TARJETA_VENCIMIENTO, TARJETA_CVV) VALUES (6, '6666666666666666', 'FRANCO DIAZ', TO_DATE('2030-07-01', 'YYYY-MM-DD'), 666);
INSERT INTO USUARIO_SERVICIO (ID, TARJETA_NUMERO, TARJETA_NOMBRE, TARJETA_VENCIMIENTO, TARJETA_CVV) VALUES (7, '7777777777777777', 'GABY PEREZ', TO_DATE('2028-06-01', 'YYYY-MM-DD'), 777);
INSERT INTO USUARIO_SERVICIO (ID, TARJETA_NUMERO, TARJETA_NOMBRE, TARJETA_VENCIMIENTO, TARJETA_CVV) VALUES (8, '8888888888888888', 'HUGO SALAS', TO_DATE('2027-05-01', 'YYYY-MM-DD'), 888);
INSERT INTO USUARIO_SERVICIO (ID, TARJETA_NUMERO, TARJETA_NOMBRE, TARJETA_VENCIMIENTO, TARJETA_CVV) VALUES (9, '9999999999999999', 'IRENE VEGA', TO_DATE('2026-04-01', 'YYYY-MM-DD'), 999);
INSERT INTO USUARIO_SERVICIO (ID, TARJETA_NUMERO, TARJETA_NOMBRE, TARJETA_VENCIMIENTO, TARJETA_CVV) VALUES (10, NULL, NULL, NULL, NULL); -- Juan NO tiene tarjeta registrada
--Puntos Geográficos
INSERT INTO PUNTO_GEOGRAFICO (DIRECCION, LATITUD, LONGITUD) VALUES ('Cll 10 # 5-10', 4.6000000, -74.0800000);
INSERT INTO PUNTO_GEOGRAFICO (DIRECCION, LATITUD, LONGITUD) VALUES ('Av 7 # 12-25', 4.6100000, -74.0700000);
INSERT INTO PUNTO_GEOGRAFICO (DIRECCION, LATITUD, LONGITUD) VALUES ('Cra 50 # 100-5', 4.7000000, -74.0900000);
INSERT INTO PUNTO_GEOGRAFICO (DIRECCION, LATITUD, LONGITUD) VALUES ('Trv 80 # 20-30', 4.7100000, -74.0600000);
INSERT INTO PUNTO_GEOGRAFICO (DIRECCION, LATITUD, LONGITUD) VALUES ('Cll 60 # 1-1', 4.6500000, -74.0500000);
INSERT INTO PUNTO_GEOGRAFICO (DIRECCION, LATITUD, LONGITUD) VALUES ('Av 30 # 45-45', 4.6600000, -74.0400000);
INSERT INTO PUNTO_GEOGRAFICO (DIRECCION, LATITUD, LONGITUD) VALUES ('Cra 15 # 80-80', 4.6200000, -74.0300000);
INSERT INTO PUNTO_GEOGRAFICO (DIRECCION, LATITUD, LONGITUD) VALUES ('Cll 90 # 10-10', 4.6300000, -74.0200000);
INSERT INTO PUNTO_GEOGRAFICO (DIRECCION, LATITUD, LONGITUD) VALUES ('Dpto. 101, Edificio Centro', 4.6400000, -74.0100000);
INSERT INTO PUNTO_GEOGRAFICO (DIRECCION, LATITUD, LONGITUD) VALUES ('Parque Central', 4.6550000, -74.0150000);
--- Vehículos para los conductores (IDs 1-10)
INSERT INTO VEHICULO (ID_USUARIO_CONDUCTOR, TIPO, MARCA, MODELO, COLOR, PLACA, CIUDAD_EXPEDICION, CAPACIDAD_PASAJEROS, ACTIVO, NIVEL) 
VALUES (1, 'CARRO', 'Mazda', '3', 'Rojo', 'ABC101', 'BOGOTA', 4, 1, 'COMFORT');
INSERT INTO VEHICULO (ID_USUARIO_CONDUCTOR, TIPO, MARCA, MODELO, COLOR, PLACA, CIUDAD_EXPEDICION, CAPACIDAD_PASAJEROS, ACTIVO, NIVEL) 
VALUES (2, 'CAMIONETA', 'Toyota', 'Fortuner', 'Negro', 'DEF202', 'MEDELLIN', 6, 1, 'LARGE');
INSERT INTO VEHICULO (ID_USUARIO_CONDUCTOR, TIPO, MARCA, MODELO, COLOR, PLACA, CIUDAD_EXPEDICION, CAPACIDAD_PASAJEROS, ACTIVO, NIVEL) 
VALUES (3, 'MOTOCICLETA', 'Yamaha', 'FZ', 'Azul', 'GHI303', 'CALI', 1, 1, 'ESTANDAR');
INSERT INTO VEHICULO (ID_USUARIO_CONDUCTOR, TIPO, MARCA, MODELO, COLOR, PLACA, CIUDAD_EXPEDICION, CAPACIDAD_PASAJEROS, ACTIVO, NIVEL) 
VALUES (4, 'CARRO', 'Chevrolet', 'Spark', 'Blanco', 'JKL404', 'BOGOTA', 4, 1, 'ESTANDAR');
INSERT INTO VEHICULO (ID_USUARIO_CONDUCTOR, TIPO, MARCA, MODELO, COLOR, PLACA, CIUDAD_EXPEDICION, CAPACIDAD_PASAJEROS, ACTIVO, NIVEL) 
VALUES (5, 'CARRO', 'BMW', 'i3', 'Gris', 'MNO505', 'BOGOTA', 4, 1, 'COMFORT');
INSERT INTO VEHICULO (ID_USUARIO_CONDUCTOR, TIPO, MARCA, MODELO, COLOR, PLACA, CIUDAD_EXPEDICION, CAPACIDAD_PASAJEROS, ACTIVO, NIVEL) 
VALUES (6, 'CAMIONETA', 'Nissan', 'Frontier', 'Verde', 'PQR606', 'CALI', 5, 1, 'LARGE');
INSERT INTO VEHICULO (ID_USUARIO_CONDUCTOR, TIPO, MARCA, MODELO, COLOR, PLACA, CIUDAD_EXPEDICION, CAPACIDAD_PASAJEROS, ACTIVO, NIVEL) 
VALUES (7, 'MOTOCICLETA', 'Honda', 'CB', 'Rojo', 'STU707', 'MEDELLIN', 1, 1, 'ESTANDAR');
INSERT INTO VEHICULO (ID_USUARIO_CONDUCTOR, TIPO, MARCA, MODELO, COLOR, PLACA, CIUDAD_EXPEDICION, CAPACIDAD_PASAJEROS, ACTIVO, NIVEL) 
VALUES (8, 'CARRO', 'Audi', 'A4', 'Negro', 'VWX808', 'BOGOTA', 4, 1, 'COMFORT');
INSERT INTO VEHICULO (ID_USUARIO_CONDUCTOR, TIPO, MARCA, MODELO, COLOR, PLACA, CIUDAD_EXPEDICION, CAPACIDAD_PASAJEROS, ACTIVO, NIVEL) 
VALUES (9, 'CARRO', 'Renault', 'Clio', 'Azul', 'YZA909', 'CALI', 4, 1, 'ESTANDAR');
INSERT INTO VEHICULO (ID_USUARIO_CONDUCTOR, TIPO, MARCA, MODELO, COLOR, PLACA, CIUDAD_EXPEDICION, CAPACIDAD_PASAJEROS, ACTIVO, NIVEL) 
VALUES (10, 'CAMIONETA', 'Ford', 'Explorer', 'Blanco', 'BCD000', 'BOGOTA', 7, 1, 'LARGE');
--Insercion de Ciudades
INSERT INTO CIUDAD (NOMBRE) VALUES ('BOGOTA');
INSERT INTO CIUDAD (NOMBRE) VALUES ('MEDELLIN');
INSERT INTO CIUDAD (NOMBRE) VALUES ('CALI');
INSERT INTO CIUDAD (NOMBRE) VALUES ('CARTAGENA');
INSERT INTO CIUDAD (NOMBRE) VALUES ('BARRANQUILLA');
INSERT INTO CIUDAD (NOMBRE) VALUES ('BUCARAMANGA');
INSERT INTO CIUDAD (NOMBRE) VALUES ('PEREIRA');
INSERT INTO CIUDAD (NOMBRE) VALUES ('MANIZALES');
INSERT INTO CIUDAD (NOMBRE) VALUES ('CUCUTA');
INSERT INTO CIUDAD (NOMBRE) VALUES ('IBAGUE');
--Insercion de Servicios
INSERT INTO SERVICIO (ES_PASAJEROS, ES_COMIDA, ES_MERCANCIA) VALUES (1, 0, 0); -- Solo Pasajeros
INSERT INTO SERVICIO (ES_PASAJEROS, ES_COMIDA, ES_MERCANCIA) VALUES (0, 1, 0); -- Solo Comida
INSERT INTO SERVICIO (ES_PASAJEROS, ES_COMIDA, ES_MERCANCIA) VALUES (0, 0, 1); -- Solo Mercancía
INSERT INTO SERVICIO (ES_PASAJEROS, ES_COMIDA, ES_MERCANCIA) VALUES (1, 1, 0); -- Pasajeros y Comida
INSERT INTO SERVICIO (ES_PASAJEROS, ES_COMIDA, ES_MERCANCIA) VALUES (1, 0, 1); -- Pasajeros y Mercancía
INSERT INTO SERVICIO (ES_PASAJEROS, ES_COMIDA, ES_MERCANCIA) VALUES (0, 1, 1); -- Comida y Mercancía
INSERT INTO SERVICIO (ES_PASAJEROS, ES_COMIDA, ES_MERCANCIA) VALUES (1, 1, 1); -- Todos los servicios
INSERT INTO SERVICIO (ES_PASAJEROS, ES_COMIDA, ES_MERCANCIA) VALUES (1, 0, 0); 
INSERT INTO SERVICIO (ES_PASAJEROS, ES_COMIDA, ES_MERCANCIA) VALUES (0, 1, 0);
INSERT INTO SERVICIO (ES_PASAJEROS, ES_COMIDA, ES_MERCANCIA) VALUES (0, 0, 1);
-- Inserción de Viajes de ejemplo
INSERT INTO VIAJE (ID_USUARIO_SERVICIO, ID_USUARIO_CONDUCTOR, ID_VEHICULO, ID_PUNTO_INICIO, ID_PUNTO_FIN, HORA_INICIO, HORA_FIN, DISTANCIA_KM, COSTO_TOTAL) 
VALUES (1, 1, 1, 1, 2, SYSTIMESTAMP - INTERVAL '2' HOUR, SYSTIMESTAMP - INTERVAL '1' HOUR, 10.5, 35.50);

INSERT INTO VIAJE (ID_USUARIO_SERVICIO, ID_USUARIO_CONDUCTOR, ID_VEHICULO, ID_PUNTO_INICIO, ID_PUNTO_FIN, HORA_INICIO, HORA_FIN, DISTANCIA_KM, COSTO_TOTAL) 
VALUES (2, 2, 2, 3, 4, SYSTIMESTAMP - INTERVAL '1' HOUR, SYSTIMESTAMP - INTERVAL '30' MINUTE, 5.0, 25.00);

INSERT INTO VIAJE (ID_USUARIO_SERVICIO, ID_USUARIO_CONDUCTOR, ID_VEHICULO, ID_PUNTO_INICIO, ID_PUNTO_FIN, HORA_INICIO, HORA_FIN, DISTANCIA_KM, COSTO_TOTAL) 
VALUES (3, 4, 4, 5, 6, SYSTIMESTAMP - INTERVAL '30' MINUTE, SYSTIMESTAMP - INTERVAL '10' MINUTE, 7.2, 28.60);

INSERT INTO VIAJE (ID_USUARIO_SERVICIO, ID_USUARIO_CONDUCTOR, ID_VEHICULO, ID_PUNTO_INICIO, ID_PUNTO_FIN, HORA_INICIO, HORA_FIN, DISTANCIA_KM, COSTO_TOTAL) 
VALUES (5, 5, 5, 7, 8, SYSTIMESTAMP - INTERVAL '4' HOUR, SYSTIMESTAMP - INTERVAL '3' HOUR, 15.0, 45.00);

INSERT INTO VIAJE (ID_USUARIO_SERVICIO, ID_USUARIO_CONDUCTOR, ID_VEHICULO, ID_PUNTO_INICIO, ID_PUNTO_FIN, HORA_INICIO, HORA_FIN, DISTANCIA_KM, COSTO_TOTAL) 
VALUES (6, 7, 7, 9, 10, SYSTIMESTAMP - INTERVAL '15' MINUTE, NULL, 3.0, 15.00); -- Viaje en curso

INSERT INTO VIAJE (ID_USUARIO_SERVICIO, ID_USUARIO_CONDUCTOR, ID_VEHICULO, ID_PUNTO_INICIO, ID_PUNTO_FIN, HORA_INICIO, HORA_FIN, DISTANCIA_KM, COSTO_TOTAL) 
VALUES (7, 8, 8, 2, 4, SYSTIMESTAMP - INTERVAL '1' DAY, SYSTIMESTAMP - INTERVAL '1' DAY + INTERVAL '30' MINUTE, 6.0, 28.00);

INSERT INTO VIAJE (ID_USUARIO_SERVICIO, ID_USUARIO_CONDUCTOR, ID_VEHICULO, ID_PUNTO_INICIO, ID_PUNTO_FIN, HORA_INICIO, HORA_FIN, DISTANCIA_KM, COSTO_TOTAL) 
VALUES (8, 1, 1, 10, 1, SYSTIMESTAMP - INTERVAL '2' DAY, SYSTIMESTAMP - INTERVAL '2' DAY + INTERVAL '1' HOUR, 12.5, 40.00);

INSERT INTO VIAJE (ID_USUARIO_SERVICIO, ID_USUARIO_CONDUCTOR, ID_VEHICULO, ID_PUNTO_INICIO, ID_PUNTO_FIN, HORA_INICIO, HORA_FIN, DISTANCIA_KM, COSTO_TOTAL) 
VALUES (9, 2, 2, 9, 3, SYSTIMESTAMP - INTERVAL '3' DAY, SYSTIMESTAMP - INTERVAL '3' DAY + INTERVAL '20' MINUTE, 4.0, 20.00);

INSERT INTO VIAJE (ID_USUARIO_SERVICIO, ID_USUARIO_CONDUCTOR, ID_VEHICULO, ID_PUNTO_INICIO, ID_PUNTO_FIN, HORA_INICIO, HORA_FIN, DISTANCIA_KM, COSTO_TOTAL) 
VALUES (10, 4, 4, 1, 5, SYSTIMESTAMP - INTERVAL '5' DAY, SYSTIMESTAMP - INTERVAL '5' DAY + INTERVAL '45' MINUTE, 9.0, 30.00);

INSERT INTO VIAJE (ID_USUARIO_SERVICIO, ID_USUARIO_CONDUCTOR, ID_VEHICULO, ID_PUNTO_INICIO, ID_PUNTO_FIN, HORA_INICIO, HORA_FIN, DISTANCIA_KM, COSTO_TOTAL) 
VALUES (4, 5, 5, 6, 9, SYSTIMESTAMP - INTERVAL '10' DAY, SYSTIMESTAMP - INTERVAL '10' DAY + INTERVAL '10' MINUTE, 2.0, 10.00);
-- Inserción de Revisiones
INSERT INTO REVISION (ID_VIAJE, CALIFICACION, COMENTARIO, FECHA, EMISOR_TIPO) 
VALUES (1, 5, 'Excelente servicio y puntualidad.', SYSDATE - 60/1440, 'USUARIO_SERVICIO');

INSERT INTO REVISION (ID_VIAJE, CALIFICACION, COMENTARIO, FECHA, EMISOR_TIPO) 
VALUES (2, 4, 'Todo correcto, el vehículo estaba limpio.', SYSDATE - 40/1440, 'USUARIO_SERVICIO');

INSERT INTO REVISION (ID_VIAJE, CALIFICACION, COMENTARIO, FECHA, EMISOR_TIPO) 
VALUES (3, 3, 'Llegó tarde, pero la ruta fue rápida.', SYSDATE - 20/1440, 'USUARIO_SERVICIO');

INSERT INTO REVISION (ID_VIAJE, CALIFICACION, COMENTARIO, FECHA, EMISOR_TIPO) 
VALUES (4, 5, 'Pasajero muy amable y respetuoso.', SYSDATE - 100/1440, 'CONDUCTOR');

INSERT INTO REVISION (ID_VIAJE, CALIFICACION, COMENTARIO, FECHA, EMISOR_TIPO) 
VALUES (5, 5, 'Conductor muy profesional.', SYSDATE - 1/1440, 'USUARIO_SERVICIO');

INSERT INTO REVISION (ID_VIAJE, CALIFICACION, COMENTARIO, FECHA, EMISOR_TIPO) 
VALUES (6, 4, 'Buen viaje. El costo fue justo.', SYSDATE - 1.5, 'USUARIO_SERVICIO');

INSERT INTO REVISION (ID_VIAJE, CALIFICACION, COMENTARIO, FECHA, EMISOR_TIPO) 
VALUES (7, 5, 'Pasajero excelente. Recomendado.', SYSDATE - 2.5, 'CONDUCTOR');

INSERT INTO REVISION (ID_VIAJE, CALIFICACION, COMENTARIO, FECHA, EMISOR_TIPO) 
VALUES (8, 4, 'Todo muy bien, sin problemas.', SYSDATE - 3.5, 'USUARIO_SERVICIO');

INSERT INTO REVISION (ID_VIAJE, CALIFICACION, COMENTARIO, FECHA, EMISOR_TIPO) 
VALUES (9, 3, 'El punto de recogida no era claro.', SYSDATE - 4.5, 'USUARIO_SERVICIO');

INSERT INTO REVISION (ID_VIAJE, CALIFICACION, COMENTARIO, FECHA, EMISOR_TIPO) 
VALUES (10, 5, 'Viaje tranquilo y eficiente.', SYSDATE - 5.5, 'USUARIO_SERVICIO');
